{"upper_lim": 83.50000000000001, "lower_lim": 37.89999999999999}