{"upper_lim": 0.005749340389832651, "lower_lim": -0.0028924591779628437}