{"upper_lim": 0.012538831626586679, "lower_lim": -0.00603849739700637}